,City,Country,Date,Lat,Long,Max Temp,Humidity,Cloudiness,Wind Speed
0,butaritari,KI,1630968624,3.0707,172.7902,28.88,71,100,5.87
1,preobrazheniye,RU,1630968626,42.9019,133.9064,18.66,77,100,2.87
2,avarua,CK,1630968631,-21.2078,-159.775,25.03,69,75,8.23
3,kahului,US,1630968464,20.8947,-156.47,30.01,58,40,9.26
4,rawson,AR,1630968638,-43.3002,-65.1023,13.42,64,97,2.49
5,vaini,TO,1630968640,-21.2,-175.2,26.09,83,40,3.09
6,faya,SA,1630968642,18.3851,42.4509,19.06,27,36,1.43
7,port elizabeth,ZA,1630968537,-33.918,25.5701,12.16,94,75,1.54
8,dunmore town,BS,1630968646,25.5,-76.65,28.39,70,99,2.23
9,sinnamary,GF,1630968649,5.3833,-52.95,26.27,82,96,4.22
10,port alfred,ZA,1630968652,-33.5906,26.891,14.57,71,100,5.43
11,yar-sale,RU,1630968656,66.8333,70.8333,6.32,75,99,8.97
12,ushuaia,AR,1630968432,-54.8,-68.3,7.81,71,75,5.66
13,georgetown,MY,1630968661,5.4112,100.3354,26.61,87,20,1.03
14,kosonsoy,UZ,1630968663,41.2561,71.5508,18.31,19,0,2.23
15,upernavik,GL,1630968667,72.7868,-56.1549,-0.87,71,82,4.32
16,tevaitoa,PF,1630968670,-16.7833,-151.5,26.08,70,1,6.67
17,albany,US,1630968040,42.6001,-73.9662,21.97,59,3,2.44
18,port hueneme,US,1630968449,34.1478,-119.1951,40.49,70,1,4.12
19,westlock,CA,1630968674,54.1502,-113.8688,23.39,26,5,9.77
20,bambous virieux,MU,1630968676,-20.3428,57.7575,21.14,68,40,7.2
21,barrow,US,1630968678,71.2906,-156.7887,3.01,75,90,2.57
22,puerto ayora,EC,1630968679,-0.7393,-90.3518,24.98,80,87,4.94
23,rikitea,PF,1630968584,-23.1203,-134.9692,23.18,72,61,3.43
24,khatanga,RU,1630968683,71.9667,102.5,10.78,70,96,4.0
25,bluff,NZ,1630968684,-46.6,168.3333,11.0,88,100,2.9
26,rafsanjan,IR,1630968687,30.4067,55.9939,23.75,12,0,1.14
27,punta arenas,CL,1630968689,-53.15,-70.9167,10.06,71,90,2.57
28,busselton,AU,1630968691,-33.65,115.3333,10.6,76,0,5.15
29,ketchikan,US,1630968671,55.3422,-131.6461,14.26,88,90,4.12
30,branesti,RO,1630968695,45.0333,25.4167,12.82,99,0,2.2
31,tadine,NC,1630968699,-21.55,167.8833,23.25,71,14,4.55
32,puerto del rosario,ES,1630968704,28.5004,-13.8627,25.86,69,0,5.66
33,kapaa,US,1630968706,22.0752,-159.319,30.18,65,1,1.79
34,souillac,MU,1630968709,-20.5167,57.5167,21.21,68,40,7.2
35,cherskiy,RU,1630968712,68.75,161.3,0.47,89,100,8.52
36,izumo,JP,1630968714,35.3667,132.7667,19.97,88,75,3.09
37,damietta,EG,1630968716,31.4165,31.8133,25.94,69,0,4.15
38,mataura,NZ,1630968719,-46.1927,168.8643,10.82,92,100,1.04
39,luderitz,NA,1630968589,-26.6481,15.1594,11.46,62,0,8.07
40,kaeo,NZ,1630968723,-35.1,173.7833,16.29,91,100,3.33
41,erzin,TR,1630968725,36.9559,36.2,25.56,81,9,0.37
42,cortez,US,1630968728,37.3489,-108.5859,32.6,12,1,4.12
43,manokwari,ID,1630968732,-0.8667,134.0833,27.11,74,49,0.39
44,malkapur,IN,1630968734,20.8833,76.2,24.6,94,100,1.69
45,grindavik,IS,1630968736,63.8424,-22.4338,9.26,93,75,3.09
46,beira,MZ,1630968577,-19.8436,34.8389,22.05,94,20,4.12
47,hailey,US,1630968740,43.5196,-114.3153,19.47,14,0,9.39
48,bokoro,TD,1630968742,12.3807,17.0568,22.96,85,91,2.77
49,qaanaaq,GL,1630968743,77.484,-69.3632,-8.86,68,52,3.54
50,carnarvon,AU,1630968745,-24.8667,113.6333,12.04,82,7,1.54
51,lasa,IT,1630968747,46.6166,10.7002,17.49,90,33,0.7
52,san jose,US,1630968581,37.3394,-121.895,39.27,14,40,2.68
53,pisco,PE,1630968751,-13.7,-76.2167,18.03,77,0,6.17
54,along,IN,1630968753,28.1667,94.7667,22.93,99,97,0.99
55,cape town,ZA,1630968756,-33.9258,18.4232,11.23,71,0,6.17
56,sunnyside,US,1630968760,46.3237,-120.0087,32.53,33,1,0.0
57,boddam,GB,1630968763,57.4667,-1.7833,18.21,87,74,1.43
58,hualmay,PE,1630968766,-11.0964,-77.6139,17.26,83,83,5.09
59,pevek,RU,1630968767,69.7008,170.3133,-0.38,93,99,1.0
60,kostino,RU,1630968769,58.9097,53.2691,4.18,80,100,2.55
61,tasiilaq,GL,1630968771,65.6145,-37.6368,-0.66,93,78,1.42
62,husavik,IS,1630968774,66.0449,-17.3389,9.95,93,93,4.33
63,constitucion,CL,1630968776,-35.3333,-72.4167,9.8,82,35,1.1
64,port hardy,CA,1630968778,50.6996,-127.4199,16.1,82,90,2.06
65,loiza,PR,1630968780,18.4313,-65.8802,29.99,76,75,5.14
66,castro,BR,1630968782,-24.7911,-50.0119,16.47,80,3,4.47
67,puerto madryn,AR,1630968785,-42.7692,-65.0385,14.09,70,100,2.99
68,fort nelson,CA,1630968491,58.8053,-122.7002,19.77,34,40,5.14
69,dikson,RU,1630968789,73.5069,80.5464,6.16,93,100,7.28
70,kysyl-syr,RU,1630968793,63.8986,122.7617,7.68,65,69,1.53
71,cocobeach,GA,1630968795,1.0002,9.5823,25.96,86,100,1.75
72,hobart,AU,1630968801,-42.8794,147.3294,11.92,59,40,3.13
73,kailua,US,1630968805,21.4022,-157.7394,31.15,64,20,5.14
74,new norfolk,AU,1630968808,-42.7826,147.0587,11.72,66,94,1.79
75,abnub,EG,1630968810,27.2696,31.1511,28.12,37,0,4.87
76,iskateley,RU,1630968814,67.6803,53.1512,5.62,90,100,5.81
77,hilo,US,1630968815,19.7297,-155.09,29.6,73,17,2.68
78,airai,TL,1630968817,-8.9266,125.4092,16.48,70,45,2.3
79,sturgis,US,1630968819,41.7992,-85.4192,23.84,27,1,3.09
80,narimanov,RU,1630968822,46.6927,47.8498,11.95,48,43,3.9
81,medea,DZ,1630968824,36.2642,2.7539,16.25,26,62,1.64
82,hithadhoo,MV,1630968826,-0.6,73.0833,28.07,72,100,4.8
83,pangnirtung,CA,1630968828,66.1451,-65.7125,8.0,71,40,5.14
84,sars,RU,1630968830,56.5502,57.1366,1.74,96,9,1.94
85,tabuk,PH,1630968832,17.4189,121.4443,24.37,88,63,0.35
86,porbandar,IN,1630968834,21.6422,69.6093,27.08,89,100,4.36
87,uvalde,US,1630968838,29.3669,-99.767,30.55,45,90,9.26
88,halifax,CA,1630968596,44.6453,-63.5724,19.67,93,100,2.24
89,severo-kurilsk,RU,1630968843,50.6789,156.125,10.39,74,81,6.17
90,giyani,ZA,1630968845,-23.3025,30.7187,20.99,37,1,1.56
91,quatre cocos,MU,1630968849,-20.2078,57.7625,21.06,73,96,8.78
92,kodiak,US,1630968583,57.79,-152.4072,15.73,67,1,2.57
93,talnakh,RU,1630968857,69.4865,88.3972,9.89,89,84,3.4
94,inuvik,CA,1630968860,68.3499,-133.7218,7.42,87,90,5.14
95,pimentel,PE,1630968863,-6.8367,-79.9342,19.16,72,0,8.75
96,yellowknife,CA,1630968865,62.456,-114.3525,16.29,88,75,6.17
97,mar del plata,AR,1630968588,-38.0023,-57.5575,11.01,100,75,5.14
98,jizan,SA,1630968870,17.3333,42.6667,33.52,53,69,2.64
99,srednekolymsk,RU,1630968873,67.45,153.6833,2.89,89,100,4.96
100,valdosta,US,1630968622,30.8327,-83.2785,31.23,66,90,2.06
101,maraba,BR,1630968876,-5.3686,-49.1178,28.04,56,63,1.07
102,ribeira grande,PT,1630968884,38.5167,-28.7,20.78,75,99,4.48
103,kabare,CD,1630968886,-2.4683,28.8242,18.81,69,45,0.55
104,jamestown,US,1630968651,42.097,-79.2353,19.45,65,75,1.34
105,igrim,RU,1630968891,63.1906,64.4162,5.41,78,95,4.59
106,atuona,PF,1630968896,-9.8,-139.0333,25.95,68,14,7.43
107,namibe,AO,1630968898,-15.1961,12.1522,16.38,90,46,2.37
108,isangel,VU,1630968900,-19.55,169.2667,26.06,65,20,2.57
109,north bend,US,1630968903,43.4065,-124.2243,26.8,61,1,10.29
110,brooks,CA,1630968869,50.5834,-111.8851,23.99,27,60,3.6
111,victoria,HK,1630968695,22.2855,114.1577,29.07,82,100,0.45
112,senador pompeu,BR,1630968782,-5.5881,-39.3717,29.87,37,18,3.84
113,nizhniy kuranakh,RU,1630968917,58.8353,125.4869,11.23,96,100,1.35
114,vila franca do campo,PT,1630968919,37.7167,-25.4333,21.23,87,53,2.98
115,muros,ES,1630968921,42.7762,-9.0603,21.1,93,99,2.56
116,vila do maio,CV,1630968925,15.1333,-23.2167,27.44,85,7,2.54
117,korla,CN,1630968927,41.7597,86.1469,21.7,29,0,1.07
118,trairi,BR,1630968870,-3.2778,-39.2689,25.7,79,35,5.7
119,kavaratti,IN,1630968936,10.5669,72.642,27.45,80,98,8.12
120,bagrami,AF,1630968939,34.4938,69.2743,20.62,27,0,0.53
121,novi sanzhary,UA,1630968943,49.3439,34.3108,6.68,61,4,2.92
122,petrolina,BR,1630968944,-9.3986,-40.5008,33.03,29,0,3.6
123,carutapera,BR,1630968946,-1.195,-46.02,25.79,82,21,3.16
124,padang,ID,1630968949,-0.9492,100.3543,23.03,95,99,4.31
125,menongue,AO,1630968951,-14.6585,17.691,19.32,28,71,1.89
126,lompoc,US,1630968913,34.6391,-120.4579,31.23,64,1,6.17
127,tiarei,PF,1630968956,-17.5333,-149.3333,29.01,76,21,6.04
128,cravo norte,CO,1630968961,6.3017,-70.2041,26.4,80,55,0.77
129,cabo san lucas,MX,1630968964,22.8909,-109.9124,33.23,70,14,4.16
130,bontang,ID,1630968966,0.1333,117.5,24.3,89,88,3.42
131,palmer,US,1630968969,42.1584,-72.3287,23.71,60,33,3.1
132,chuy,UY,1630968972,-33.6971,-53.4616,12.96,87,83,5.79
133,oranjemund,NA,1630968976,-28.55,16.4333,10.59,77,0,5.68
134,hinesville,US,1630968844,31.8469,-81.5959,32.98,62,20,3.6
135,te anau,NZ,1630968981,-45.4167,167.7167,5.52,98,100,0.61
136,longyan,CN,1630968985,25.1072,117.0225,24.47,93,88,0.21
137,dinajpur,BD,1630968987,25.6272,88.6386,25.96,91,100,4.1
138,lavrentiya,RU,1630968990,65.5833,-171.0,2.91,92,99,1.62
139,hobyo,SO,1630968991,5.3505,48.5268,25.05,86,100,10.45
140,nikolskoye,RU,1630968995,59.7035,30.7861,10.94,99,99,1.83
141,tiksi,RU,1630968997,71.6872,128.8694,4.16,84,100,5.0
142,vao,NC,1630969000,-22.6667,167.4833,20.76,76,5,3.11
143,burley,US,1630969002,42.5357,-113.7928,34.01,4,0,6.89
144,tuktoyaktuk,CA,1630969005,69.4541,-133.0374,6.0,93,90,10.29
145,cherkasskoye,RU,1630969007,52.4333,47.2167,5.38,76,20,1.74
146,nanortalik,GL,1630969010,60.1432,-45.2371,5.1,88,3,6.04
147,arraial do cabo,BR,1630969012,-22.9661,-42.0278,21.61,87,23,4.47
148,naze,JP,1630969014,28.3667,129.4833,25.51,84,98,3.02
149,jackson,US,1630968746,42.4165,-122.8345,34.4,26,1,0.0
150,sidi ali,DZ,1630969021,36.0998,0.4206,27.0,37,67,2.44
151,lardos,GR,1630969024,36.0942,28.0157,25.53,72,0,1.36
152,kavieng,PG,1630969027,-2.5744,150.7967,29.42,62,97,5.79
153,lebu,CL,1630969002,-37.6167,-73.65,9.14,87,93,2.75
154,ponta delgada,PT,1630969033,37.7333,-25.6667,21.4,83,40,2.06
155,portland,US,1630968835,45.5234,-122.6762,30.82,35,7,1.34
156,hermanus,ZA,1630969039,-34.4187,19.2345,10.5,74,12,3.91
157,dingle,PH,1630969042,10.9995,122.6711,23.75,96,100,0.36
158,berlevag,NO,1630969045,70.8578,29.0864,4.06,74,20,2.84
159,thompson,CA,1630969047,55.7435,-97.8558,20.09,60,75,2.06
160,ponta do sol,PT,1630969049,32.6667,-17.1,23.17,76,40,3.02
161,aksu,CN,1630969054,41.1231,80.2644,20.76,32,0,0.89
162,faanui,PF,1630969056,-16.4833,-151.75,26.07,74,13,6.8
163,vardo,NO,1630969059,70.3705,31.1107,4.66,69,21,5.87
164,longyearbyen,SJ,1630969047,78.2186,15.6401,2.91,65,75,6.17
165,port lincoln,AU,1630969044,-34.7333,135.8667,13.24,72,18,0.98
166,myre,NO,1630969067,69.1036,15.9492,10.95,89,98,5.77
167,kruisfontein,ZA,1630969071,-34.0033,24.7314,9.94,89,67,2.07
168,tura,IN,1630969074,25.5198,90.2201,22.66,98,100,2.2
169,beringovskiy,RU,1630969077,63.05,179.3167,6.43,58,79,3.33
170,bowen,AU,1630969079,-20.0167,148.2333,20.12,50,0,8.8
171,mahebourg,MU,1630968915,-20.4081,57.7,21.16,68,40,7.2
172,bethel,US,1630969084,41.3712,-73.414,25.51,71,28,0.45
173,lumajang,ID,1630969086,-8.1335,113.2248,23.03,93,68,0.63
174,saint-philippe,RE,1630969089,-21.3585,55.7679,19.75,77,51,6.76
175,norman wells,CA,1630969093,65.282,-126.8329,16.02,77,75,7.72
176,sao miguel do araguaia,BR,1630969095,-13.275,-50.1628,32.23,18,7,1.82
177,vanimo,PG,1630969097,-2.6741,141.3028,26.5,85,100,1.72
178,methven,NZ,1630969104,-43.6333,171.65,14.4,63,39,5.6
179,saskylakh,RU,1630969107,71.9167,114.0833,5.83,86,73,3.54
180,cochrane,CA,1630969111,51.1834,-114.4687,23.28,23,20,6.69
181,irbeyskoye,RU,1630969115,55.6428,95.4522,3.86,75,49,0.67
182,bathsheba,BB,1630969118,13.2167,-59.5167,28.34,78,20,2.06
183,provideniya,RU,1630969120,64.3833,-173.3,6.06,70,75,3.0
184,kinshasa,CD,1630969123,-4.3246,15.3215,28.18,53,20,2.06
185,hirara,JP,1630969125,24.8,125.2833,26.92,94,40,1.03
186,iqaluit,CA,1630969127,63.7506,-68.5145,9.85,66,75,6.17
187,muzhi,RU,1630969131,65.3667,64.6667,5.98,73,93,8.11
188,dongning,CN,1630969135,44.0622,131.1207,16.39,78,100,0.6
189,hovd,MN,1630969138,48.0056,91.6419,14.81,41,39,3.27
190,mitsamiouli,KM,1630969141,-11.3847,43.2844,24.08,72,25,0.59
191,awbari,LY,1630969144,26.5921,12.7805,28.79,36,23,6.32
192,hounde,BF,1630969146,11.5,-3.5167,25.72,67,43,2.07
193,east london,ZA,1630969148,-33.0153,27.9116,14.51,78,100,4.62
194,ilulissat,GL,1630969004,69.2167,-51.1,2.06,70,100,2.08
195,laem sing,TH,1630969155,12.4816,102.0738,24.99,90,87,2.14
196,kidal,ML,1630969157,18.4411,1.4078,33.92,12,5,3.05
197,sorland,NO,1630969159,67.667,12.6934,11.72,87,100,8.96
198,ordzhonikidze,KZ,1630969161,52.4411,61.7408,9.75,79,100,3.34
199,bredasdorp,ZA,1630969162,-34.5322,20.0403,5.71,93,1,0.0
200,nyurba,RU,1630969165,63.2842,118.3319,5.79,82,86,2.55
201,pangoa,PE,1630969169,-12.1167,-73.0,22.28,83,66,1.02
202,chokurdakh,RU,1630969172,70.6333,147.9167,1.81,71,100,7.74
203,san quintin,MX,1630969177,30.4833,-115.95,24.52,72,5,3.71
204,karratha,AU,1630969179,-20.7377,116.8463,19.51,19,14,8.13
205,pahrump,US,1630969181,36.2083,-115.9839,40.47,10,1,2.24
206,mudanjiang,CN,1630969184,44.5833,129.6,15.18,89,100,3.28
207,broome,US,1630969187,42.2506,-75.833,20.11,77,7,0.89
208,monrovia,LR,1630969010,6.3005,-10.7969,24.53,89,98,2.83
209,touros,BR,1630969193,-5.1989,-35.4608,25.5,74,34,6.72
210,tuatapere,NZ,1630969196,-46.1333,167.6833,11.01,93,100,1.21
211,cockburn town,TC,1630969201,21.4612,-71.1419,28.11,74,25,6.96
212,antofagasta,CL,1630968663,-23.65,-70.4,14.6,84,96,3.32
213,hornepayne,CA,1630969208,49.2138,-84.7705,13.75,70,100,2.38
214,teya,RU,1630969213,60.3778,92.6267,4.96,91,9,0.43
215,bilma,NE,1630969217,18.6853,12.9164,32.09,36,3,3.03
216,agirish,RU,1630969220,61.9247,63.0231,2.85,91,90,3.14
217,saint-denis,FR,1630969223,48.9167,2.3333,21.88,63,0,0.45
218,marsh harbour,BS,1630969226,26.5412,-77.0636,29.34,64,17,3.18
219,huntsville,US,1630969098,34.7304,-86.5861,27.77,66,1,1.79
220,ibanda,TZ,1630969235,-2.7974,32.4746,19.92,77,72,1.01
221,batangafo,CF,1630969237,7.3008,18.2833,19.47,97,95,0.85
222,bonfim,BR,1630969239,3.0833,-59.95,28.31,66,100,1.77
223,viedma,AR,1630969078,-40.8135,-62.9967,12.11,70,82,5.17
224,palanpur,IN,1630969245,24.1667,72.4333,27.38,81,99,1.75
225,kalmar,SE,1630969248,56.6616,16.3616,12.76,91,93,1.54
226,atambua,ID,1630969250,-9.1061,124.8925,23.58,74,66,3.63
227,alakurtti,RU,1630969253,66.9672,30.3491,6.46,95,100,1.35
228,jalu,LY,1630969256,29.0331,21.5482,28.19,44,17,6.96
229,aginskoye,RU,1630969259,51.1,114.53,8.15,93,100,2.85
230,pitimbu,BR,1630969261,-7.4706,-34.8086,24.26,77,16,4.33
231,quzhou,CN,1630969264,28.9594,118.8686,25.23,95,50,1.93
232,waingapu,ID,1630969271,-9.6567,120.2641,25.93,74,23,5.96
233,clyde river,CA,1630969273,70.4692,-68.5914,0.56,68,78,0.69
234,cap malheureux,MU,1630969268,-19.9842,57.6142,20.82,68,91,7.6
235,acurenam,GQ,1630969277,1.0322,10.6488,19.94,99,100,1.13
236,piacabucu,BR,1630969278,-10.4056,-36.4344,23.72,83,18,4.12
237,fortuna,US,1630969280,40.5982,-124.1573,22.74,69,1,1.79
238,smithers,CA,1630969284,54.7804,-127.1743,16.18,63,90,0.0
239,coahuayana,MX,1630969111,18.7333,-103.6833,25.89,91,100,1.11
240,bogalusa,US,1630969290,30.791,-89.8487,31.11,74,75,2.57
241,nago,JP,1630969293,26.5881,127.9761,28.47,78,93,0.85
242,chernolesskoye,RU,1630969296,44.7156,43.7133,13.76,69,100,0.14
243,mnisek pod brdy,CZ,1630969300,49.8665,14.2618,16.78,92,100,1.8
244,havelock,US,1630969303,34.8791,-76.9013,27.81,78,63,0.89
245,baie-comeau,CA,1630969306,49.2168,-68.1489,15.61,94,99,3.69
246,nikolayevka,RU,1630969309,53.1257,47.2041,4.47,77,41,2.33
247,mlonggo,ID,1630969312,-6.5333,110.7,27.94,85,17,2.56
248,lagoa,PT,1630969319,39.05,-27.9833,20.25,78,98,5.14
249,les herbiers,FR,1630969321,46.8667,-1.0167,23.84,40,0,6.8
250,flinders,AU,1630969325,-34.5833,150.8552,18.36,34,0,4.92
251,buraydah,SA,1630969329,26.326,43.975,30.56,14,39,2.77
252,sitka,US,1630969334,57.0531,-135.33,16.03,73,42,1.81
253,muroto,JP,1630969336,33.2833,134.15,24.8,75,93,5.78
254,baruun-urt,MN,1630969105,46.6806,113.2792,8.39,72,14,2.94
255,anadyr,RU,1630969340,64.75,177.4833,4.28,75,40,5.0
256,awjilah,LY,1630969343,29.1081,21.2869,27.53,50,22,6.64
257,bengkulu,ID,1630969345,-3.8004,102.2655,23.24,94,100,2.4
258,chapais,CA,1630969348,49.7834,-74.8492,13.88,91,89,2.61
259,kaele,CM,1630969352,10.1092,14.4508,21.93,91,99,2.83
260,laguna,US,1630969356,38.421,-121.4238,41.47,13,1,0.89
261,le port,RE,1630969359,-20.9373,55.2919,19.98,74,54,2.64
262,mehamn,NO,1630969361,71.0357,27.8492,3.05,79,41,1.62
263,torbay,CA,1630969363,47.6666,-52.7314,12.54,88,86,1.79
264,turrialba,CR,1630969366,9.9047,-83.6835,24.1,96,98,0.95
265,marzuq,YE,1630969368,14.4,46.4667,27.5,53,95,1.59
266,odintsovo,RU,1630969370,55.678,37.2777,6.99,93,0,4.0
267,istok,XK,1630969372,42.7808,20.4875,13.51,56,65,1.78
268,yining,CN,1630969236,29.0361,114.5636,21.89,95,38,1.02
269,paratebueno,CO,1630969375,4.3758,-73.2155,22.93,94,73,0.43
270,hereford,GB,1630969378,52.0568,-2.7148,20.14,65,50,0.62
271,el rosario,MX,1630969383,24.2556,-107.1828,32.3,71,88,1.36
272,khani,GE,1630969384,41.9563,42.9566,13.76,96,85,0.57
273,robertsport,LR,1630969386,6.7533,-11.3686,25.21,87,100,4.25
274,smirnykh,RU,1630969388,49.75,142.8333,15.22,66,20,0.74
275,tessalit,ML,1630969390,20.1986,1.0114,33.78,9,1,5.1
276,santander,ES,1630969327,43.4647,-3.8044,28.32,78,0,0.0
277,mahad,IN,1630969395,18.0833,73.4167,24.42,99,100,0.35
278,high rock,BS,1630969397,26.6208,-78.2833,29.38,65,34,1.09
279,aktash,RU,1630969399,50.3,87.7333,4.06,74,44,0.26
280,xam nua,LA,1630969401,20.4197,104.0439,18.55,99,55,0.16
281,ribas do rio pardo,BR,1630969403,-20.4431,-53.7592,30.93,28,61,1.29
282,duiwelskloof,ZA,1630969405,-23.6934,30.14,17.78,38,2,1.22
283,wajima,JP,1630969407,37.4,136.9,22.24,76,89,4.98
284,little current,CA,1630969409,45.9793,-81.9248,19.12,60,50,4.04
285,asau,RO,1630969411,46.4333,26.4,10.98,65,18,1.08
286,taltal,CL,1630969278,-25.4,-70.4833,14.38,80,100,1.3
287,micheweni,TZ,1630969419,-4.9667,39.8333,23.8,79,35,4.49
288,marihatag,PH,1630969421,8.7936,126.2969,26.26,79,94,2.97
289,sur,OM,1630969423,22.5667,59.5289,29.52,61,3,1.7
290,sibolga,ID,1630969425,1.7427,98.7792,23.99,88,69,1.51
291,trojes,AL,1630969427,41.756,19.962,15.27,56,85,3.51
292,asosa,ET,1630969429,10.0667,34.5333,14.77,92,94,1.44
293,dabola,GN,1630969430,10.75,-11.1167,21.59,94,100,0.67
294,kaitangata,NZ,1630969432,-46.2817,169.8464,10.2,80,96,0.7
295,rexburg,US,1630969435,43.826,-111.7897,31.73,12,1,7.2
296,thibodaux,US,1630969437,29.7958,-90.8229,30.03,79,100,1.79
297,kiama,AU,1630969234,-34.6833,150.8667,18.47,33,0,2.89
298,markova,UA,1630969156,48.6758,24.4138,7.59,78,23,1.7
299,iwanai,JP,1630969444,42.9744,140.5089,18.92,71,67,1.17
300,cuamba,MZ,1630969334,-14.8031,36.5372,22.31,43,16,3.82
301,kaohsiung,TW,1630969407,22.6163,120.3133,28.91,94,75,0.51
302,port blair,IN,1630969451,11.6667,92.75,25.02,94,75,4.63
303,hervey bay,AU,1630969333,-25.2986,152.8535,20.58,47,36,9.35
304,port-gentil,GA,1630969455,-0.7193,8.7815,24.51,85,83,5.47
305,george town,MY,1630969417,5.4112,100.3354,26.61,87,20,0.0
306,vallenar,CL,1630969461,-28.5708,-70.7581,17.27,43,57,1.96
307,namangan,UZ,1630969463,40.9983,71.6726,21.25,56,0,1.03
308,baglan,AF,1630969465,36.1307,68.7083,23.96,19,0,1.19
309,tlacotepec,MX,1630969467,20.0667,-97.8667,19.29,94,100,1.11
310,adrar,MR,1630969470,20.5022,-10.0711,35.67,9,0,4.23
311,oktyabrskoye,RU,1630969473,43.0645,44.7417,11.08,94,100,2.0
312,curup,ID,1630969475,-3.4667,102.5333,19.64,98,96,0.68
313,zhigansk,RU,1630969478,66.7697,123.3711,9.92,43,1,2.08
314,saint-francois,FR,1630969480,46.4154,3.9054,14.69,88,0,1.03
315,russell,US,1630969481,32.3502,-85.1999,29.6,82,90,0.0
316,ixtapa,MX,1630969483,20.7,-105.2,27.57,78,90,2.06
317,gat,IL,1630969256,31.61,34.7642,25.38,70,0,1.86
318,kudahuvadhoo,MV,1630969487,2.6708,72.8944,27.98,74,97,5.99
319,waipawa,NZ,1630969489,-41.4122,175.5153,11.36,72,92,6.65
320,poum,NC,1630969492,-20.2333,164.0167,22.33,78,9,7.52
321,jiazi,CN,1630969495,22.8779,116.067,27.0,87,82,3.79
322,beloha,MG,1630969497,-25.1667,45.05,19.7,53,0,3.47
323,merrill,US,1630969500,45.1805,-89.6835,22.1,53,1,3.09
324,gizo,SB,1630969504,-8.103,156.8419,27.73,76,97,4.77
325,banda aceh,ID,1630969474,5.5577,95.3222,25.33,83,34,1.23
326,dunedin,NZ,1630969509,-45.8742,170.5036,12.52,67,49,0.35
327,lagarto,BR,1630969510,-10.9172,-37.65,24.16,95,4,2.53
328,abha,SA,1630969512,18.2164,42.5053,17.14,72,0,0.0
329,saldanha,ZA,1630969514,-33.0117,17.9442,12.19,73,0,7.86
330,prince george,CA,1630969516,53.9166,-122.753,20.7,44,99,0.89
331,ulaangom,MN,1630969517,49.9811,92.0667,15.04,40,0,2.92
332,luchenza,MW,1630969519,-16.0069,35.3095,19.51,53,1,0.89
333,kilindoni,TZ,1630969521,-7.9139,39.6668,24.48,77,44,3.88
334,liverpool,GB,1630969313,53.4106,-2.9779,17.77,86,97,1.54
335,mangrol,IN,1630969524,21.1167,70.1167,26.72,89,99,4.71
336,ornskoldsvik,SE,1630969526,63.2909,18.7153,12.53,82,90,4.63
337,chenzhou,CN,1630969528,25.8,113.0333,23.21,98,100,1.62
338,marienburg,PL,1630969532,54.0359,19.0266,12.71,63,99,3.38
339,saint george,US,1630969247,37.1041,-113.5841,40.77,13,1,1.34
340,lorengau,PG,1630969535,-2.0226,147.2712,27.78,80,98,4.78
341,hashtrud,IR,1630969538,37.4779,47.0508,16.36,47,0,2.19
342,inhambane,MZ,1630969539,-23.865,35.3833,21.1,92,4,3.46
343,narsaq,GL,1630969541,60.9167,-46.05,8.12,76,11,1.27
344,kutum,SD,1630969543,14.2,24.6667,24.99,54,41,1.11
345,prince rupert,CA,1630969404,54.3161,-130.3201,14.05,88,90,3.6
346,taywarah,AF,1630969546,33.35,64.4167,13.52,17,2,2.35
347,sept-iles,CA,1630969547,50.2001,-66.3821,14.29,96,90,2.24
348,college,US,1630969549,64.8569,-147.8028,12.81,65,75,1.54
349,salalah,OM,1630969551,17.0151,54.0924,26.05,100,90,0.0
350,nuuk,GL,1630969553,64.1835,-51.7216,3.34,100,90,2.57
351,ventspils,LV,1630969460,57.3894,21.5606,10.96,100,0,2.06
352,bogorodskoye,RU,1630969556,56.55,37.8833,7.1,96,69,2.9
353,bud,US,1630969558,39.447,-86.1758,27.99,76,29,3.09
354,casablanca,MA,1630969560,33.5928,-7.6192,24.12,67,12,1.1
355,puerto lopez,CO,1630969562,4.0845,-72.956,23.94,90,100,0.76
356,shadegan,IR,1630969564,30.6497,48.6647,35.03,11,0,4.99
357,meulaboh,ID,1630969565,4.1363,96.1285,24.33,90,73,1.09
358,flic en flac,MU,1630969570,-20.2742,57.3631,20.29,75,21,7.52
359,ceyranbatan,AZ,1630969573,40.5408,49.6597,21.84,78,31,13.97
360,kurmanayevka,RU,1630969575,52.5093,52.0675,9.52,56,46,1.07
361,placido de castro,BR,1630969577,-10.3353,-67.1856,27.34,65,97,1.63
362,luanda,AO,1630969579,-8.8368,13.2343,22.03,90,73,3.03
363,hasaki,JP,1630969581,35.7333,140.8333,19.22,62,61,7.84
364,athmallik,IN,1630969583,20.7219,84.5348,25.18,95,100,1.58
365,berbera,SO,1630969585,10.4396,45.0143,33.02,48,96,3.9
366,impfondo,CG,1630969586,1.6381,18.0667,21.22,97,100,1.16
367,high prairie,CA,1630969309,55.4334,-116.4858,20.16,40,3,7.15
368,ashcroft,CA,1630969592,50.7165,-121.2859,25.82,31,78,1.64
369,arona,ES,1630969594,28.0996,-16.681,21.98,80,20,3.09
370,tazmalt,DZ,1630969596,36.3868,4.3989,23.95,45,31,1.61
371,namanga,KE,1630969598,-2.5433,36.7905,17.18,76,75,1.82
372,diamantino,BR,1630969547,-14.4086,-56.4461,30.93,23,51,2.53
373,berwick,US,1630969514,41.0545,-76.2333,23.23,70,12,1.51
374,paragominas,BR,1630969604,-2.9667,-47.4833,28.0,60,94,2.43
375,san cristobal,VE,1630969606,7.7669,-72.225,20.1,94,53,1.45
376,katsuura,JP,1630969607,35.1333,140.3,20.06,68,69,7.49
377,simao,CN,1630969609,22.7886,100.9748,16.84,97,6,0.88
378,batagay-alyta,RU,1630969611,67.8006,130.4114,10.87,64,25,2.3
379,kunming,CN,1630969614,25.0389,102.7183,15.32,80,60,1.92
380,shelopugino,RU,1630969616,51.6514,117.5599,6.52,67,59,1.21
381,leningradskiy,RU,1630969617,69.3833,178.4167,3.06,56,68,3.06
382,charlestown,AU,1630969619,-32.95,151.6667,14.85,58,0,0.89
383,luang prabang,LA,1630969621,19.8856,102.1347,21.73,99,52,0.55
384,kijang,KR,1630969623,35.2442,129.2139,23.98,75,100,2.89
385,kjollefjord,NO,1630969624,70.9457,27.3465,3.18,78,92,2.12
386,okha,RU,1630969626,53.5739,142.9478,15.21,63,0,2.87
387,chimbote,PE,1630969628,-9.0853,-78.5783,17.63,85,84,5.11
388,vila velha,BR,1630969459,-20.3297,-40.2925,22.97,83,90,6.17
389,langsa,ID,1630969631,4.4683,97.9683,23.01,94,73,0.84
390,ancud,CL,1630969634,-41.8697,-73.8203,9.68,83,98,2.69
391,uray,RU,1630969636,60.1247,64.7758,3.6,91,11,1.6
392,butterworth,MY,1630969639,5.3991,100.3638,26.67,87,20,0.0
393,oussouye,SN,1630969641,12.485,-16.5469,26.52,88,100,3.52
394,namatanai,PG,1630969642,-3.6667,152.4333,28.12,67,100,3.08
395,wuwei,CN,1630969644,37.9281,102.6414,15.21,43,0,1.9
396,amapa,BR,1630969647,1.0,-52.0,21.78,98,100,1.37
397,iquitos,PE,1630969648,-3.7481,-73.2472,23.12,97,100,0.63
398,akureyri,IS,1630969650,65.6835,-18.0878,11.1,84,100,0.64
399,orlik,RU,1630969652,52.5178,99.825,3.08,73,99,1.02
400,manicore,BR,1630969654,-5.8092,-61.3003,25.66,77,81,1.13
401,northam,GB,1630969658,51.0333,-4.2167,20.01,92,5,2.85
402,san patricio,US,1630969666,28.017,-97.5169,36.23,49,42,6.01
403,kawaguchi,JP,1630969668,35.805,139.7206,21.67,69,77,3.78
404,dukat,RU,1630969672,62.55,155.55,3.12,86,100,2.38
405,manacapuru,BR,1630969676,-3.2997,-60.6206,29.32,59,10,1.57
406,galle,LK,1630969678,6.0367,80.217,25.96,86,100,5.79
407,lagunas,PE,1630969683,-5.2269,-75.6753,23.06,96,97,1.21
408,sinjar,IQ,1630969685,36.3209,41.8754,27.92,28,0,3.73
409,batagay,RU,1630969686,67.6333,134.6333,9.94,74,98,0.86
410,hailar,CN,1630969688,49.2,119.7,8.44,75,29,2.12
411,letlhakeng,BW,1630969690,-24.0944,25.0298,17.41,29,68,4.44
412,los llanos de aridane,ES,1630969692,28.6585,-17.9182,22.86,84,20,2.57
413,suntar,RU,1630969694,62.1444,117.6319,8.11,73,100,2.06
414,klaksvik,FO,1630969696,62.2266,-6.589,13.51,96,100,7.72
415,stryn,NO,1630969698,61.9045,6.7226,16.16,93,100,3.47
416,port hawkesbury,CA,1630969700,45.6169,-61.3485,18.34,92,100,3.58
417,jian,CN,1630969702,27.1172,114.9793,24.84,91,90,2.65
418,komsomolskiy,UZ,1630969704,40.4272,71.7189,20.68,19,0,1.68
419,las tunas,CU,1630969707,20.9617,-76.9511,29.07,82,100,4.36
420,gewane,ET,1630969709,10.1664,40.6453,28.6,52,84,2.91
421,mogadishu,SO,1630969711,2.0371,45.3438,25.21,81,100,7.82
422,taungdwingyi,MM,1630969712,20.0167,95.55,22.47,97,30,1.83
423,riyadh,SA,1630969664,24.6877,46.7219,30.08,13,0,1.37
424,alofi,NU,1630969716,-19.0595,-169.9187,25.41,79,0,4.48
425,maumere,ID,1630969718,-8.6199,122.2111,26.69,70,79,2.19
426,camabatela,AO,1630969719,-8.1881,15.375,18.06,91,96,1.51
427,evora,PT,1630969446,38.5667,-7.9,19.69,77,82,2.0
428,port-cartier,CA,1630969723,50.0334,-66.8654,14.12,97,100,2.43
429,ilhabela,BR,1630969724,-23.7781,-45.3581,21.25,92,99,2.2
430,sao felix do xingu,BR,1630969726,-6.6447,-51.995,24.74,76,58,1.6
431,mersing,MY,1630969731,2.4312,103.8405,24.41,90,47,2.11
432,lata,PT,1630969733,40.1629,-8.3327,23.23,81,30,1.63
433,birnin kebbi,NG,1630969694,12.4539,4.1975,26.77,72,38,4.16
434,juneau,US,1630969740,58.3019,-134.4197,14.56,94,75,3.6
435,santa cruz,BO,1630969713,-17.8,-63.1667,30.03,62,75,7.72
436,sao filipe,CV,1630969744,14.8961,-24.4956,26.35,82,17,2.25
437,panjakent,TJ,1630969746,39.4952,67.6093,18.89,23,0,2.19
438,santa maria,BR,1630969685,-29.6842,-53.8069,17.48,84,95,4.98
439,niteroi,BR,1630969751,-22.8833,-43.1036,21.81,94,90,4.12
440,hyderabad,IN,1630969555,17.3753,78.4744,23.73,94,90,3.09
441,forio,IT,1630969756,40.7342,13.8646,23.23,57,45,6.06
442,penzance,GB,1630969758,50.1186,-5.5371,20.56,87,15,4.9
443,saint anthony,US,1630969733,45.0205,-93.218,27.18,43,1,2.24
444,rome,US,1630969761,34.257,-85.1647,28.5,83,77,2.47
445,savonlinna,FI,1630969763,61.8699,28.88,6.81,100,0,1.03
446,chute-aux-outardes,CA,1630969765,49.1168,-68.399,15.78,96,98,4.28
447,coari,BR,1630969767,-4.085,-63.1414,27.32,66,74,1.24
448,caranavi,BO,1630969770,-15.8167,-67.55,17.74,97,78,1.34
449,kamenka,RU,1630969774,51.3223,42.7678,6.53,62,90,1.96
450,urumqi,CN,1630969633,43.801,87.6005,20.53,35,0,2.0
451,altamira,BR,1630969715,-3.2033,-52.2064,26.48,59,29,1.49
452,capitao poco,BR,1630969780,-1.7464,-47.0594,23.94,86,76,3.41
453,algiers,DZ,1630969547,36.7525,3.042,20.9,78,0,1.54
454,praia da vitoria,PT,1630969784,38.7333,-27.0667,20.42,87,67,6.01
455,porto novo,BJ,1630969786,6.4965,2.6036,24.81,90,100,2.29
456,nelson bay,AU,1630969787,-32.7167,152.15,15.06,60,0,0.89
457,manzhouli,CN,1630969789,49.6,117.4333,9.46,75,84,1.52
458,khorinsk,RU,1630969791,52.1657,109.7726,3.47,93,86,2.3
459,kattivakkam,IN,1630969793,13.2167,80.3167,27.05,70,100,7.16
460,ahuimanu,US,1630969768,21.4447,-157.8378,30.84,61,1,5.14
461,san andres,CO,1630969262,12.5847,-81.7006,28.27,79,84,8.49
462,oppdal,NO,1630969800,62.5943,9.6912,11.7,78,100,3.46
463,buin,CL,1630969802,-33.7333,-70.75,11.02,58,93,1.74
464,mamontovo,RU,1630969805,52.7055,81.6244,10.91,71,56,3.05
465,geraldton,AU,1630969807,-28.7667,114.6,8.23,71,0,5.14
466,coihaique,CL,1630969810,-45.5752,-72.0662,7.97,66,0,2.06
467,tongren,CN,1630969813,27.7172,109.1853,21.43,91,98,1.21
468,emerald,AU,1630969683,-23.5333,148.1667,16.21,41,0,9.01
469,changli,CN,1630969820,39.7042,119.1506,15.95,87,0,1.91
470,kieta,PG,1630969822,-6.2167,155.6333,28.83,69,99,2.54
471,saurimo,AO,1630969824,-9.6608,20.3916,21.72,52,42,1.84
472,tacoronte,ES,1630969826,28.4769,-16.4102,22.21,83,75,0.45
473,mushie,CD,1630969829,-3.0167,16.9,25.31,70,63,1.71
474,muravlenko,RU,1630969831,63.7898,74.523,5.27,80,11,6.0
475,sao gabriel da cachoeira,BR,1630969834,-0.1303,-67.0892,23.09,98,79,0.75
476,codrington,AU,1630969836,-38.2667,141.9667,12.5,79,36,6.28
477,sao jose da coroa grande,BR,1630969838,-8.8978,-35.1478,23.85,77,22,3.52
478,alice springs,AU,1630969839,-23.7,133.8833,11.75,50,0,4.63
479,cumbitara,CO,1630969842,1.6517,-77.5823,15.92,94,96,1.3
480,fare,PF,1630969843,-16.7,-151.0167,25.85,73,3,5.91
481,doha,QA,1630969819,25.2867,51.5333,32.99,46,0,2.06
482,guerrero negro,MX,1630969847,27.9769,-114.0611,26.51,62,81,5.46
483,proddatur,IN,1630969848,14.7333,78.55,22.96,89,100,6.76
484,oda,JP,1630969850,35.1833,132.5,22.1,75,100,3.76
485,salice salentino,IT,1630969853,40.387,17.9607,23.75,65,72,4.0
486,avera,US,1630969856,33.194,-82.5271,30.73,58,99,0.62
487,biskamzha,RU,1630969858,53.4497,89.5272,10.12,83,14,0.37
488,tamasopo,MX,1630969861,21.9333,-99.4833,23.14,67,100,2.01
489,swedru,GH,1630969863,5.5371,-0.6998,23.15,96,100,2.03
490,wasilla,US,1630969865,61.5814,-149.4394,15.53,74,90,0.0
491,severnoye,RU,1630969868,56.3491,78.3619,6.81,72,35,2.14
492,khandyga,RU,1630969870,62.6667,135.6,9.31,63,3,0.12
493,katherine,AU,1630969874,-14.4667,132.2667,19.18,30,6,4.12
494,melito di porto salvo,IT,1630969878,37.9222,15.7714,23.64,64,90,1.54
495,general pico,AR,1630969880,-35.6566,-63.7568,12.1,91,97,5.11
496,coquimbo,CL,1630969650,-29.9533,-71.3436,13.85,76,20,5.66
497,colares,PT,1630969887,38.7992,-9.4469,23.55,74,44,6.69
498,west helena,US,1630969889,34.5507,-90.6418,29.89,33,0,4.29
499,boyolangu,ID,1630969892,-8.1181,111.8935,23.36,94,81,1.68
500,kaseda,JP,1630969894,31.4167,130.3167,25.1,78,100,2.59
501,goderich,CA,1630969897,43.7501,-81.7165,20.51,65,10,3.52
502,campbeltown,GB,1630969901,55.4258,-5.6076,17.03,99,99,2.93
503,kyaiklat,MM,1630969903,16.4333,95.7333,25.15,93,100,1.2
504,udachnyy,RU,1630969905,66.4167,112.4,10.27,51,4,2.19
505,velika obarska,BA,1630969906,44.8053,19.1642,14.38,54,1,1.37
506,kamaishi,JP,1630969909,39.2667,141.8833,15.53,68,30,4.63
507,nuevitas,CU,1630969912,21.5453,-77.2644,23.69,81,96,2.94
508,muriti,TZ,1630969914,-1.9833,32.9167,23.9,67,100,4.27
509,muscat,OM,1630969683,23.6139,58.5922,30.01,66,1,2.26
510,parker,US,1630969705,32.7668,-97.8003,34.72,45,8,0.89
511,chokwe,MZ,1630969690,-24.5333,32.9833,18.89,87,30,3.06
512,mizdah,LY,1630969922,31.4451,12.9801,20.71,80,0,2.46
513,lubango,AO,1630969925,-14.9172,13.4925,16.46,47,0,1.57
514,cumra,TR,1630969934,37.5732,32.7745,15.08,56,40,3.6
515,muisne,EC,1630969936,0.6,-80.0333,24.1,86,100,3.83
516,nouadhibou,MR,1630969939,20.931,-17.0347,21.99,94,0,8.23
517,san pedro,PH,1630969941,14.35,121.0167,26.72,87,57,0.75
518,fez,MA,1630969744,34.0372,-4.9998,35.14,17,75,8.75
519,margate,GB,1630969947,51.3813,1.3862,18.86,82,54,3.46
520,morant bay,JM,1630969950,17.8815,-76.4093,29.79,80,7,3.2
521,victor harbor,AU,1630969952,-35.5667,138.6167,13.73,81,99,2.22
522,asilah,MA,1630969955,35.465,-6.0348,25.98,81,72,4.3
523,abdanan,IR,1630969957,32.9926,47.4198,27.42,14,0,5.99
524,yemelyanovo,RU,1630969739,56.1681,92.6767,-0.55,100,0,0.0
525,ajtos,BG,1630969961,42.7,27.25,14.68,72,0,3.05
526,ormara,PK,1630969963,25.2088,64.6357,26.21,90,25,3.81
527,aktas,KZ,1630969964,49.7789,72.9608,11.86,39,16,7.32
528,hambantota,LK,1630969966,6.1241,81.1185,26.25,82,100,7.55
529,christchurch,NZ,1630969812,-43.5333,172.6333,19.62,45,46,9.26
530,tuban,ID,1630969972,-6.8976,112.0649,24.5,86,43,3.29
531,saint-leu,RE,1630969973,-21.15,55.2833,19.46,72,51,0.52
532,amahai,ID,1630969975,-3.3333,128.9167,24.83,93,100,3.36
533,norwich,GB,1630969978,52.6278,1.2983,19.7,79,32,2.06
534,lancaster,US,1630969882,40.2504,-76.2499,24.77,60,1,0.45
535,sol-iletsk,RU,1630969982,51.1631,54.9918,8.37,87,82,0.97
536,hamilton,US,1630969430,39.1834,-84.5333,27.66,52,40,0.45
537,cozumel,MX,1630969857,20.5083,-86.9458,29.04,82,75,0.89
538,sokolo,ML,1630969986,14.7328,-6.1219,27.61,57,56,1.26
539,palana,RU,1630969988,59.1167,159.9667,7.55,56,74,2.39
540,yulara,AU,1630969990,-25.2406,130.9889,11.91,40,0,6.69
541,eydhafushi,MV,1630969991,5.1033,73.0708,27.41,79,98,5.85
542,gadsden,US,1630969867,34.0143,-86.0066,28.13,93,60,1.94
543,saint-joseph,RE,1630969995,-21.3667,55.6167,19.2,76,21,6.07
544,mount isa,AU,1630969997,-20.7333,139.5,16.87,25,8,4.63
545,mumford,GH,1630969999,5.2618,-0.759,23.96,92,89,4.3
546,altay,CN,1630969867,47.8667,88.1167,16.46,30,29,2.41
547,jinchang,CN,1630970004,38.4953,102.1739,16.73,35,0,3.16
548,mossendjo,CG,1630970007,-2.9506,12.7261,22.74,70,100,1.97
549,bauska,LV,1630970009,56.4075,24.1906,11.86,78,100,3.29
550,sungaipenuh,ID,1630970012,-2.0833,101.3833,17.41,98,97,0.64
551,tiznit,MA,1630970014,29.5833,-9.5,24.91,40,22,0.98
552,syedove,UA,1630970018,47.0768,38.156,16.11,47,81,5.52
553,elat,IL,1630970020,29.5581,34.9482,27.91,51,0,6.17
554,eureka,US,1630969940,40.8021,-124.1637,22.85,70,100,2.24
555,camacha,PT,1630970023,33.0833,-16.3333,21.68,78,20,4.12
556,cayenne,GF,1630970026,4.9333,-52.3333,27.83,82,0,1.34
557,fougeres,FR,1630970028,48.35,-1.2,21.51,55,1,4.75
558,gaoua,BF,1630970030,10.2992,-3.2508,24.73,72,41,2.28
559,new iberia,US,1630969839,30.0035,-91.8187,29.1,74,20,3.6
560,marrakesh,MA,1630970027,31.6315,-8.0083,26.04,53,40,3.6
561,comodoro rivadavia,AR,1630969926,-45.8667,-67.5,10.92,66,0,1.03
